"events",2020-05-11 00:01:00,564.086402030074
"events",2020-05-11 00:02:00,562.677761827067
"events",2020-05-11 00:03:00,559.00998564436
"events",2020-05-11 00:04:00,557.808987079924
"events",2020-05-11 00:05:00,554.628088371932
"events",2020-05-11 00:06:00,551.265279534739
"events",2020-05-11 00:07:00,549.138751581265
"events",2020-05-11 00:08:00,544.224876423138
"events",2020-05-11 00:09:00,543.702388780825
"events",2020-05-11 00:10:00,543.132149902742
"events",2020-05-11 00:11:00,542.718934912468
"events",2020-05-11 00:12:00,543.547041421221
"events",2020-05-11 00:13:00,541.292337279099
"events",2020-05-11 00:14:00,536.263103551189
"events",2020-05-11 00:15:00,534.73679319607
"events",2020-05-11 00:16:00,534.663113876463
"events",2020-05-11 00:17:00,535.196802488817
"events",2020-05-11 00:18:00,530.577122239935
"events",2020-05-11 00:19:00,530.419410015942
"events",2020-05-11 00:20:00,523.977469014348
"events",2020-05-11 00:21:00,522.079722112913
"events",2020-05-11 00:22:00,522.071749901622
"events",2020-05-11 00:23:00,519.364574911459
"events",2020-05-11 00:24:00,519.928117420313
"events",2020-05-11 00:25:00,517.035305678282
"events",2020-05-11 00:26:00,516.431775110454
"events",2020-05-11 00:27:00,516.988597599409
"events",2020-05-11 00:28:00,515.989737839468
"events",2020-05-11 00:29:00,519.790764055521
"events",2020-05-11 00:30:00,525.711687649969
"events",2020-05-11 00:31:00,518.640518884972
"events",2020-05-11 00:32:00,516.076466996475
"events",2020-05-11 00:33:00,514.968820296827
"events",2020-05-11 00:34:00,512.571938267145
"events",2020-05-11 00:35:00,510.31474444043
"events",2020-05-11 00:36:00,508.183269996387
"events",2020-05-11 00:37:00,505.764942996748
"events",2020-05-11 00:38:00,507.188448697074
"events",2020-05-11 00:39:00,499.169603827366
"events",2020-05-11 00:40:00,503.85264344463
"events",2020-05-11 00:41:00,502.267379100167
"events",2020-05-11 00:42:00,497.94064119015
"events",2020-05-11 00:43:00,497.646577071135
"events",2020-05-11 00:44:00,498.981919364022
"events",2020-05-11 00:45:00,497.48372742762
"events",2020-05-11 00:46:00,497.735354684858
"events",2020-05-11 00:47:00,499.961819216372
"events",2020-05-11 00:48:00,501.065637294735
"events",2020-05-11 00:49:00,502.059073565261
"events",2020-05-11 00:50:00,496.153166208735
"events",2020-05-11 00:51:00,491.637849587862
"events",2020-05-11 00:52:00,488.874064629076
"events",2020-05-11 00:53:00,488.486658166168
"events",2020-05-11 00:54:00,487.337992349551
"events",2020-05-11 00:55:00,488.604193114596
"events",2020-05-11 00:56:00,491.943773803136
"events",2020-05-11 00:57:00,486.549396422823
"events",2020-05-11 00:58:00,486.994456780541
"events",2020-05-11 00:59:00,486.395011102487
"events",2020-05-11 01:00:00,483.055509992238
"events",2020-05-11 01:01:00,477.749958993014
"events",2020-05-11 01:02:00,479.474963093713
"events",2020-05-11 01:03:00,482.827466784341
"events",2020-05-11 01:04:00,480.444720105907
"events",2020-05-11 01:05:00,481.600248095317
"events",2020-05-11 01:06:00,477.440223285785
"events",2020-05-11 01:07:00,477.896200957206
"events",2020-05-11 01:08:00,475.506580861486
"events",2020-05-11 01:09:00,472.655922775337
"events",2020-05-11 01:10:00,473.690330497804
"events",2020-05-11 01:11:00,472.921297448023
"events",2020-05-11 01:12:00,474.329167703221
"events",2020-05-11 01:13:00,474.796250932899
"events",2020-05-11 01:14:00,473.216625839609
"events",2020-05-11 01:15:00,474.094963255648
"events",2020-05-11 01:16:00,474.785466930083
"events",2020-05-11 01:17:00,475.606920237075
"events",2020-05-11 01:18:00,474.246228213367
"events",2020-05-11 01:19:00,474.221605392031
"events",2020-05-11 01:20:00,473.099444852828
"events",2020-05-11 01:21:00,475.889500367545
"events",2020-05-11 01:22:00,476.10055033079
"events",2020-05-11 01:23:00,473.990495297711
"events",2020-05-11 01:24:00,474.19144576794
"events",2020-05-11 01:25:00,473.172301191146
"events",2020-05-11 01:26:00,471.355071072032
"events",2020-05-11 01:27:00,470.119563964828
"events",2020-05-11 01:28:00,472.007607568346
"events",2020-05-11 01:29:00,473.706846811511
"events",2020-05-11 01:30:00,476.63616213036
"events",2020-05-11 01:31:00,476.772545917324
"events",2020-05-11 01:32:00,477.095291325592
"events",2020-05-11 01:33:00,476.785762193032
"events",2020-05-11 01:34:00,473.007185973729
"events",2020-05-11 01:35:00,471.406467376356
"events",2020-05-11 01:36:00,469.365820638721
"events",2020-05-11 01:37:00,469.429238574849
"events",2020-05-11 01:38:00,469.986314717364
"events",2020-05-11 01:39:00,470.087683245627
"events",2020-05-11 01:40:00,467.778914921065
"events",2020-05-11 01:41:00,468.901023428958
"events",2020-05-11 01:42:00,469.610921086062
"events",2020-05-11 01:43:00,466.649828977456
"events",2020-05-11 01:44:00,468.284846079711
"events",2020-05-11 01:45:00,466.25636147174
"events",2020-05-11 01:46:00,463.430725324566
"events",2020-05-11 01:47:00,464.287652792109
"events",2020-05-11 01:48:00,464.858887512898
"events",2020-05-11 01:49:00,464.172998761608
"events",2020-05-11 01:50:00,464.255698885448
"events",2020-05-11 01:51:00,468.230128996903
"events",2020-05-11 01:52:00,468.107116097212
"events",2020-05-11 01:53:00,468.096404487491
"events",2020-05-11 01:54:00,466.486764038742
"events",2020-05-11 01:55:00,466.838087634868
"events",2020-05-11 01:56:00,463.754278871381
"events",2020-05-11 01:57:00,466.378850984243
"events",2020-05-11 01:58:00,464.340965885819
"events",2020-05-11 01:59:00,465.206869297237
"events",2020-05-11 02:00:00,471.386182367513
"events",2020-05-11 02:01:00,469.847564130762
"events",2020-05-11 02:02:00,467.962807717686
"events",2020-05-11 02:03:00,465.966526945917
"events",2020-05-11 02:04:00,463.169874251325
"events",2020-05-11 02:05:00,461.552886826193
"events",2020-05-11 02:06:00,459.497598143574
"events",2020-05-11 02:07:00,461.047838329216
"events",2020-05-11 02:08:00,461.143054496295
"events",2020-05-11 02:09:00,463.428749046665
"events",2020-05-11 02:10:00,462.985874141999
"events",2020-05-11 02:11:00,462.087286727799
"events",2020-05-11 02:12:00,463.578558055019
"events",2020-05-11 02:13:00,468.520702249517
"events",2020-05-11 02:14:00,467.568632024565
"events",2020-05-11 02:15:00,469.911768822109
"events",2020-05-11 02:16:00,472.220591939898
"events",2020-05-11 02:17:00,472.498532745908
"events",2020-05-11 02:18:00,470.348679471317
"events",2020-05-11 02:19:00,471.913811524186
"events",2020-05-11 02:20:00,473.422430371767
"events",2020-05-11 02:21:00,473.38018733459
"events",2020-05-11 02:22:00,474.242168601131
"events",2020-05-11 02:23:00,474.017951741018
"events",2020-05-11 02:24:00,479.516156566916
"events",2020-05-11 02:25:00,478.664540910225
"events",2020-05-11 02:26:00,476.198086819202
"events",2020-05-11 02:27:00,474.378278137282
"events",2020-05-11 02:28:00,473.740450323554
"events",2020-05-11 02:29:00,472.266405291199
"events",2020-05-11 02:30:00,472.439764762079
"events",2020-05-11 02:31:00,470.795788285871
"events",2020-05-11 02:32:00,474.816209457284
"events",2020-05-11 02:33:00,476.834588511555
"events",2020-05-11 02:34:00,474.6511296604
"events",2020-05-11 02:35:00,472.68601669436
"events",2020-05-11 02:36:00,473.917415024924
"events",2020-05-11 02:37:00,473.825673522432
"events",2020-05-11 02:38:00,476.343106170188
"events",2020-05-11 02:39:00,478.30879555317
"events",2020-05-11 02:40:00,470.777915997853
"events",2020-05-11 02:41:00,471.200124398067
"events",2020-05-11 02:42:00,472.280111958261
"events",2020-05-11 02:43:00,472.652100762435
"events",2020-05-11 02:44:00,473.086890686191
"events",2020-05-11 02:45:00,475.678201617572
"events",2020-05-11 02:46:00,478.410381455815
"events",2020-05-11 02:47:00,479.669343310233
"events",2020-05-11 02:48:00,480.40240897921
"events",2020-05-11 02:49:00,482.062168081289
"events",2020-05-11 02:50:00,486.35595127316
"events",2020-05-11 02:51:00,482.420356145844
"events",2020-05-11 02:52:00,482.07832053126
"events",2020-05-11 02:53:00,479.170488478134
"events",2020-05-11 02:54:00,478.15343963032
"events",2020-05-11 02:55:00,478.738095667288
"events",2020-05-11 02:56:00,478.76428610056
"events",2020-05-11 02:57:00,481.187857490504
"events",2020-05-11 02:58:00,481.969071741453
"events",2020-05-11 02:59:00,486.272164567308
"events",2020-05-11 03:00:00,484.344948110577
"events",2020-05-11 03:01:00,483.710453299519
"events",2020-05-11 03:02:00,485.139407969568
"events",2020-05-11 03:03:00,488.425467172611
"events",2020-05-11 03:04:00,488.28292045535
"events",2020-05-11 03:05:00,486.554628409815
"events",2020-05-11 03:06:00,484.799165568833
"events",2020-05-11 03:07:00,482.91924901195
"events",2020-05-11 03:08:00,482.727324110755
"events",2020-05-11 03:09:00,481.05459169968
"events",2020-05-11 03:10:00,477.849132529712
"events",2020-05-11 03:11:00,477.464219276741
"events",2020-05-11 03:12:00,478.517797349067
"events",2020-05-11 03:13:00,480.26601761416
"events",2020-05-11 03:14:00,479.139415852744
"events",2020-05-11 03:15:00,477.02547426747
"events",2020-05-11 03:16:00,478.122926840723
"events",2020-05-11 03:17:00,478.81063415665
"events",2020-05-11 03:18:00,478.229570740985
"events",2020-05-11 03:19:00,481.706613666887
"events",2020-05-11 03:20:00,480.435952300198
"events",2020-05-11 03:21:00,480.392357070178
"events",2020-05-11 03:22:00,481.453121363161
"events",2020-05-11 03:23:00,478.407809226845
"events",2020-05-11 03:24:00,480.96702830416
"events",2020-05-11 03:25:00,482.970325473744
"events",2020-05-11 03:26:00,485.47329292637
"events",2020-05-11 03:27:00,486.925963633733
"events",2020-05-11 03:28:00,485.133367270359
"events",2020-05-11 03:29:00,487.220030543324
"events",2020-05-11 03:30:00,486.698027488991
"events",2020-05-11 03:31:00,486.828224740092
"events",2020-05-11 03:32:00,486.845402266083
"events",2020-05-11 03:33:00,487.960862039475
"events",2020-05-11 03:34:00,492.064775835527
"events",2020-05-11 03:35:00,490.858298251974
"events",2020-05-11 03:36:00,490.172468426777
"events",2020-05-11 03:37:00,489.855221584099
"events",2020-05-11 03:38:00,490.369699425689
"events",2020-05-11 03:39:00,493.73272948312
"events",2020-05-11 03:40:00,489.859456534808
"events",2020-05-11 03:41:00,486.873510881327
"events",2020-05-11 03:42:00,484.586159793195
"events",2020-05-11 03:43:00,485.127543813875
"events",2020-05-11 03:44:00,484.714789432488
"events",2020-05-11 03:45:00,483.943310489239
"events",2020-05-11 03:46:00,486.048979440315
"events",2020-05-11 03:47:00,484.744081496284
"events",2020-05-11 03:48:00,483.169673346655
"events",2020-05-11 03:49:00,482.15270601199
"events",2020-05-11 03:50:00,477.837435410791
"events",2020-05-11 03:51:00,475.653691869712
"events",2020-05-11 03:52:00,474.388322682741
"events",2020-05-11 03:53:00,470.849490414467
"events",2020-05-11 03:54:00,471.26454137302
"events",2020-05-11 03:55:00,473.038087235718
"events",2020-05-11 03:56:00,473.234278512146
"events",2020-05-11 03:57:00,471.510850660932
"events",2020-05-11 03:58:00,470.759765594838
"events",2020-05-11 03:59:00,474.183789035355
"events",2020-05-11 04:00:00,474.265410131819
"events",2020-05-11 04:01:00,473.838869118637
"events",2020-05-11 04:02:00,474.054982206774
"events",2020-05-11 04:03:00,471.249483986096
"events",2020-05-11 04:04:00,474.524535587487
"events",2020-05-11 04:05:00,472.672082028738
"events",2020-05-11 04:06:00,472.304873825864
"events",2020-05-11 04:07:00,470.774386443278
"events",2020-05-11 04:08:00,472.39694779895
"events",2020-05-11 04:09:00,474.457253019055
"events",2020-05-11 04:10:00,470.21152771715
"events",2020-05-11 04:11:00,468.490374945435
"events",2020-05-11 04:12:00,466.041337450891
"events",2020-05-11 04:13:00,467.237203705802
"events",2020-05-11 04:14:00,469.913483335222
"events",2020-05-11 04:15:00,464.0221350017
"events",2020-05-11 04:16:00,466.21992150153
"events",2020-05-11 04:17:00,466.797929351377
"events",2020-05-11 04:18:00,465.318136416239
"events",2020-05-11 04:19:00,466.786322774615
"events",2020-05-11 04:20:00,466.607690497154
"events",2020-05-11 04:21:00,466.946921447438
"events",2020-05-11 04:22:00,464.252229302695
"events",2020-05-11 04:23:00,463.527006372425
"events",2020-05-11 04:24:00,461.274305735183
"events",2020-05-11 04:25:00,461.746875161664
"events",2020-05-11 04:26:00,459.872187645498
"events",2020-05-11 04:27:00,456.084968880948
"events",2020-05-11 04:28:00,458.776471992853
"events",2020-05-11 04:29:00,458.498824793568
"events",2020-05-11 04:30:00,457.948942314211
"events",2020-05-11 04:31:00,457.95404808279
"events",2020-05-11 04:32:00,461.458643274511
"events",2020-05-11 04:33:00,460.61277894706
"events",2020-05-11 04:34:00,460.351501052354
"events",2020-05-11 04:35:00,457.816350947119
"events",2020-05-11 04:36:00,457.134715852407
"events",2020-05-11 04:37:00,458.321244267166
"events",2020-05-11 04:38:00,456.58911984045
"events",2020-05-11 04:39:00,456.830207856405
"events",2020-05-11 04:40:00,457.647187070764
"events",2020-05-11 04:41:00,458.382468363688
"events",2020-05-11 04:42:00,455.344221527319
"events",2020-05-11 04:43:00,450.809799374587
"events",2020-05-11 04:44:00,452.428819437128
"events",2020-05-11 04:45:00,449.985937493416
"events",2020-05-11 04:46:00,448.287343744074
"events",2020-05-11 04:47:00,444.858609369667
"events",2020-05-11 04:48:00,443.3727484327
"events",2020-05-11 04:49:00,445.73547358943
"events",2020-05-11 04:50:00,443.661926230487
"events",2020-05-11 04:51:00,445.895733607438
"events",2020-05-11 04:52:00,441.306160246695
"events",2020-05-11 04:53:00,446.975544222025
"events",2020-05-11 04:54:00,448.077989799823
"events",2020-05-11 04:55:00,451.57019081984
"events",2020-05-11 04:56:00,453.713171737856
"events",2020-05-11 04:57:00,454.841854564071
"events",2020-05-11 04:58:00,451.157669107664
"events",2020-05-11 04:59:00,448.541902196897
"events",2020-05-11 05:00:00,445.787711977208
"events",2020-05-11 05:01:00,448.708940779487
"events",2020-05-11 05:02:00,450.338046701538
"events",2020-05-11 05:03:00,447.304242031384
"events",2020-05-11 05:04:00,446.773817828246
"events",2020-05-11 05:05:00,443.596436045421
"events",2020-05-11 05:06:00,441.536792440879
"events",2020-05-11 05:07:00,440.083113196791
"events",2020-05-11 05:08:00,445.174801877112
"events",2020-05-11 05:09:00,443.957321689401
"events",2020-05-11 05:10:00,440.861589520461
"events",2020-05-11 05:11:00,441.775430568415
"events",2020-05-11 05:12:00,439.297887511573
"events",2020-05-11 05:13:00,439.168098760416
"events",2020-05-11 05:14:00,442.951288884374
"events",2020-05-11 05:15:00,440.856159995937
"events",2020-05-11 05:16:00,441.170543996343
"events",2020-05-11 05:17:00,438.153489596709
"events",2020-05-11 05:18:00,437.638140637038
"events",2020-05-11 05:19:00,438.074326573334
"events",2020-05-11 05:20:00,436.766893916001
"events",2020-05-11 05:21:00,439.490204524401
"events",2020-05-11 05:22:00,441.941184071961
"events",2020-05-11 05:23:00,439.947065664765
"events",2020-05-11 05:24:00,443.652359098288
"events",2020-05-11 05:25:00,443.787123188459
"events",2020-05-11 05:26:00,442.808410869613
"events",2020-05-11 05:27:00,439.927569782652
"events",2020-05-11 05:28:00,439.534812804387
"events",2020-05-11 05:29:00,440.581331523948
"events",2020-05-11 05:30:00,443.323198371553
"events",2020-05-11 05:31:00,443.690878534398
"events",2020-05-11 05:32:00,443.821790680958
"events",2020-05-11 05:33:00,438.439611612862
"events",2020-05-11 05:34:00,437.295650451576
"events",2020-05-11 05:35:00,436.666085406419
"events",2020-05-11 05:36:00,435.199476865777
"events",2020-05-11 05:37:00,431.379529179199
"events",2020-05-11 05:38:00,431.941576261279
"events",2020-05-11 05:39:00,432.447418635151
"events",2020-05-11 05:40:00,431.202676771636
"events",2020-05-11 05:41:00,429.082409094473
"events",2020-05-11 05:42:00,428.574168185025
"events",2020-05-11 05:43:00,430.616751366523
"events",2020-05-11 05:44:00,428.855076229871
"events",2020-05-11 05:45:00,430.269568606883
"events",2020-05-11 05:46:00,432.542611746195
"events",2020-05-11 05:47:00,429.388350571576
"events",2020-05-11 05:48:00,429.049515514418
"events",2020-05-11 05:49:00,428.944563962976
"events",2020-05-11 05:50:00,427.550107566679
"events",2020-05-11 05:51:00,428.395096810011
"events",2020-05-11 05:52:00,432.75558712901
"events",2020-05-11 05:53:00,431.580028416109
"events",2020-05-11 05:54:00,433.322025574498
"events",2020-05-11 05:55:00,433.689823017048
"events",2020-05-11 05:56:00,438.920840715343
"events",2020-05-11 05:57:00,435.228756643809
"events",2020-05-11 05:58:00,437.505880979428
"events",2020-05-11 05:59:00,438.655292881485
"events",2020-05-11 06:00:00,438.389763593337
"events",2020-05-11 06:01:00,439.350787234003
"events",2020-05-11 06:02:00,439.515708510603
"events",2020-05-11 06:03:00,442.164137659543
"events",2020-05-11 06:04:00,443.847723893588
"events",2020-05-11 06:05:00,447.26295150423
"events",2020-05-11 06:06:00,448.636656353807
"events",2020-05-11 06:07:00,445.172990718426
"events",2020-05-11 06:08:00,446.055691646583
"events",2020-05-11 06:09:00,445.150122481925
"events",2020-05-11 06:10:00,444.435110233733
"events",2020-05-11 06:11:00,448.391599210359
"events",2020-05-11 06:12:00,447.252439289323
"events",2020-05-11 06:13:00,446.127195360391
"events",2020-05-11 06:14:00,446.214475824352
"events",2020-05-11 06:15:00,450.193028241917
"events",2020-05-11 06:16:00,450.373725417725
"events",2020-05-11 06:17:00,450.936352875953
"events",2020-05-11 06:18:00,447.742717588357
"events",2020-05-11 06:19:00,452.368445829522
"events",2020-05-11 06:20:00,452.73160124657
"events",2020-05-11 06:21:00,455.358441121913
"events",2020-05-11 06:22:00,455.222597009721
"events",2020-05-11 06:23:00,454.400337308749
"events",2020-05-11 06:24:00,455.060303577874
"events",2020-05-11 06:25:00,452.954273220087
"events",2020-05-11 06:26:00,455.958845898078
"events",2020-05-11 06:27:00,458.262961308271
"events",2020-05-11 06:28:00,459.036665177444
"events",2020-05-11 06:29:00,460.832998659699
"events",2020-05-11 06:30:00,460.849698793729
"events",2020-05-11 06:31:00,461.264728914356
"events",2020-05-11 06:32:00,462.938256022921
"events",2020-05-11 06:33:00,465.844430420629
"events",2020-05-11 06:34:00,471.059987378566
"events",2020-05-11 06:35:00,470.253988640709
"events",2020-05-11 06:36:00,471.128589776638
"events",2020-05-11 06:37:00,474.715730798975
"events",2020-05-11 06:38:00,474.444157719077
"events",2020-05-11 06:39:00,482.799741947169
"events",2020-05-11 06:40:00,483.219767752452
"events",2020-05-11 06:41:00,483.497790977207
"events",2020-05-11 06:42:00,483.748011879487
"events",2020-05-11 06:43:00,485.373210691538
"events",2020-05-11 06:44:00,487.735889622384
"events",2020-05-11 06:45:00,489.662300660146
"events",2020-05-11 06:46:00,489.596070594131
"events",2020-05-11 06:47:00,491.836463534718
"events",2020-05-11 06:48:00,490.852817181246
"events",2020-05-11 06:49:00,489.467535463122
"events",2020-05-11 06:50:00,493.720781916809
"events",2020-05-11 06:51:00,493.548703725128
"events",2020-05-11 06:52:00,495.093833352616
"events",2020-05-11 06:53:00,494.684450017354
"events",2020-05-11 06:54:00,495.416005015619
"events",2020-05-11 06:55:00,497.074404514057
"events",2020-05-11 06:56:00,499.966964062651
"events",2020-05-11 06:57:00,500.870267656386
"events",2020-05-11 06:58:00,501.283240890747
"events",2020-05-11 06:59:00,502.254916801673
"events",2020-05-11 07:00:00,502.429425121505
"events",2020-05-11 07:01:00,508.786482609355
"events",2020-05-11 07:02:00,512.407834348419
"events",2020-05-11 07:03:00,515.367050913577
"events",2020-05-11 07:04:00,516.53034582222
"events",2020-05-11 07:05:00,516.177311239998
"events",2020-05-11 07:06:00,515.759580115998
"events",2020-05-11 07:07:00,515.783622104398
"events",2020-05-11 07:08:00,516.005259893958
"events",2020-05-11 07:09:00,519.204733904563
"events",2020-05-11 07:10:00,521.384260514106
"events",2020-05-11 07:11:00,529.945834462696
"events",2020-05-11 07:12:00,533.351251016426
"events",2020-05-11 07:13:00,530.216125914784
"events",2020-05-11 07:14:00,529.094513323305
"events",2020-05-11 07:15:00,532.385061990975
"events",2020-05-11 07:16:00,533.146555791877
"events",2020-05-11 07:17:00,533.23190021269
"events",2020-05-11 07:18:00,532.008710191421
"events",2020-05-11 07:19:00,535.907839172279
"events",2020-05-11 07:20:00,535.717055255051
"events",2020-05-11 07:21:00,537.345349729546
"events",2020-05-11 07:22:00,539.410814756591
"events",2020-05-11 07:23:00,539.869733280932
"events",2020-05-11 07:24:00,540.882759952839
"events",2020-05-11 07:25:00,546.594483957555
"events",2020-05-11 07:26:00,548.735035561799
"events",2020-05-11 07:27:00,552.56153200562
"events",2020-05-11 07:28:00,547.605378805058
"events",2020-05-11 07:29:00,545.344840924552
"events",2020-05-11 07:30:00,548.910356832097
"events",2020-05-11 07:31:00,550.919321148887
"events",2020-05-11 07:32:00,558.327389033998
"events",2020-05-11 07:33:00,560.394650130599
"events",2020-05-11 07:34:00,562.955185117539
"events",2020-05-11 07:35:00,564.459666605785
"events",2020-05-11 07:36:00,569.213699945206
"events",2020-05-11 07:37:00,567.092329950686
"events",2020-05-11 07:38:00,570.683096955617
"events",2020-05-11 07:39:00,575.214787260055
"events",2020-05-11 07:40:00,577.79330853405
"events",2020-05-11 07:41:00,578.713977680645
"events",2020-05-11 07:42:00,587.042579912581
"events",2020-05-11 07:43:00,590.838321921323
"events",2020-05-11 07:44:00,593.45448972919
"events",2020-05-11 07:45:00,597.709040756271
"events",2020-05-11 07:46:00,598.638136680644
"events",2020-05-11 07:47:00,598.37432301258
"events",2020-05-11 07:48:00,602.736890711322
"events",2020-05-11 07:49:00,599.36320164019
"events",2020-05-11 07:50:00,606.226881476171
"events",2020-05-11 07:51:00,610.804193328554
"events",2020-05-11 07:52:00,609.623773995698
"events",2020-05-11 07:53:00,609.161396596128
"events",2020-05-11 07:54:00,609.945256936516
"events",2020-05-11 07:55:00,611.650731242864
"events",2020-05-11 07:56:00,612.785658118578
"events",2020-05-11 07:57:00,615.10709230672
"events",2020-05-11 07:58:00,623.896383076048
"events",2020-05-11 07:59:00,625.606744768443
"events",2020-05-11 08:00:00,625.146070291599
"events",2020-05-11 08:01:00,624.931463262439
"events",2020-05-11 08:02:00,629.538316936195
"events",2020-05-11 08:03:00,630.484485242576
"events",2020-05-11 08:04:00,633.536036718318
"events",2020-05-11 08:05:00,636.482433046486
"events",2020-05-11 08:06:00,639.134189741838
"events",2020-05-11 08:07:00,639.720770767654
"events",2020-05-11 08:08:00,641.848693690889
"events",2020-05-11 08:09:00,649.9638243218
"events",2020-05-11 08:10:00,653.46744188962
"events",2020-05-11 08:11:00,648.120697700658
"events",2020-05-11 08:12:00,653.108627930592
"events",2020-05-11 08:13:00,652.997765137533
"events",2020-05-11 08:14:00,652.09798862378
"events",2020-05-11 08:15:00,656.688189761402
"events",2020-05-11 08:16:00,661.519370785261
"events",2020-05-11 08:17:00,665.767433706735
"events",2020-05-11 08:18:00,664.790690336062
"events",2020-05-11 08:19:00,667.011621302456
"events",2020-05-11 08:20:00,666.91045917221
"events",2020-05-11 08:21:00,672.519413254989
"events",2020-05-11 08:22:00,676.96747192949
"events",2020-05-11 08:23:00,677.570724736541
"events",2020-05-11 08:24:00,681.413652262887
"events",2020-05-11 08:25:00,685.472287036598
"events",2020-05-11 08:26:00,686.725058332938
"events",2020-05-11 08:27:00,687.352552499645
"events",2020-05-11 08:28:00,690.31729724968
"events",2020-05-11 08:29:00,691.885567524712
"events",2020-05-11 08:30:00,689.897010772241
"events",2020-05-11 08:31:00,696.007309695017
"events",2020-05-11 08:32:00,701.506578725515
"events",2020-05-11 08:33:00,698.255920852964
"events",2020-05-11 08:34:00,701.130328767667
"events",2020-05-11 08:35:00,703.317295890901
"events",2020-05-11 08:36:00,704.985566301811
"events",2020-05-11 08:37:00,705.58700967163
"events",2020-05-11 08:38:00,711.828308704467
"events",2020-05-11 08:39:00,713.64547783402
"events",2020-05-11 08:40:00,718.580930050618
"events",2020-05-11 08:41:00,725.122837045556
"events",2020-05-11 08:42:00,724.810553341001
"events",2020-05-11 08:43:00,726.329498006901
"events",2020-05-11 08:44:00,728.996548206211
"events",2020-05-11 08:45:00,731.996893385589
"events",2020-05-11 08:46:00,733.297204047031
"events",2020-05-11 08:47:00,739.367483642327
"events",2020-05-11 08:48:00,740.230735278095
"events",2020-05-11 08:49:00,745.907661750285
"events",2020-05-11 08:50:00,746.616895575257
"events",2020-05-11 08:51:00,745.955206017731
"events",2020-05-11 08:52:00,745.559685415958
"events",2020-05-11 08:53:00,744.703716874362
"events",2020-05-11 08:54:00,746.033345186926
"events",2020-05-11 08:55:00,747.730010668233
"events",2020-05-11 08:56:00,752.65700960141
"events",2020-05-11 08:57:00,756.591308641269
"events",2020-05-11 08:58:00,758.132177777142
"events",2020-05-11 08:59:00,757.318959999428
"events",2020-05-11 09:00:00,754.287063999485
"events",2020-05-11 09:01:00,757.958357599537
"events",2020-05-11 09:02:00,752.662521839583
"events",2020-05-11 09:03:00,756.096269655625
"events",2020-05-11 09:04:00,755.086642690062
"events",2020-05-11 09:05:00,757.777978421056
"events",2020-05-11 09:06:00,761.100180578951
"events",2020-05-11 09:07:00,762.090162521056
"events",2020-05-11 09:08:00,764.18114626895
"events",2020-05-11 09:09:00,763.063031642055
"events",2020-05-11 09:10:00,764.756728477849
"events",2020-05-11 09:11:00,770.681055630065
"events",2020-05-11 09:12:00,771.112950067058
"events",2020-05-11 09:13:00,773.601655060352
"events",2020-05-11 09:14:00,778.341489554317
"events",2020-05-11 09:15:00,783.707340598886
"events",2020-05-11 09:16:00,782.036606538997
"events",2020-05-11 09:17:00,782.532945885098
"events",2020-05-11 09:18:00,785.079651296588
"events",2020-05-11 09:19:00,786.671686166929
"events",2020-05-11 09:20:00,784.004517550236
"events",2020-05-11 09:21:00,783.904065795213
"events",2020-05-11 09:22:00,784.113659215691
"events",2020-05-11 09:23:00,788.602293294122
"events",2020-05-11 09:24:00,791.94206396471
"events",2020-05-11 09:25:00,793.347857568239
"events",2020-05-11 09:26:00,793.513071811415
"events",2020-05-11 09:27:00,794.761764630274
"events",2020-05-11 09:28:00,797.685588167246
"events",2020-05-11 09:29:00,803.417029350522
"events",2020-05-11 09:30:00,802.97532641547
"events",2020-05-11 09:31:00,803.177793773923
"events",2020-05-11 09:32:00,805.86001439653
"events",2020-05-11 09:33:00,813.574012956877
"events",2020-05-11 09:34:00,815.71661166119
"events",2020-05-11 09:35:00,813.944950495071
"events",2020-05-11 09:36:00,816.050455445564
"events",2020-05-11 09:37:00,816.045409901007
"events",2020-05-11 09:38:00,815.740868910907
"events",2020-05-11 09:39:00,817.266782019816
"events",2020-05-11 09:40:00,825.640103817834
"events",2020-05-11 09:41:00,824.976093436051
"events",2020-05-11 09:42:00,826.778484092446
"events",2020-05-11 09:43:00,830.500635683201
"events",2020-05-11 09:44:00,830.950572114881
"events",2020-05-11 09:45:00,830.355514903393
"events",2020-05-11 09:46:00,833.919963413054
"events",2020-05-11 09:47:00,836.127967071749
"events",2020-05-11 09:48:00,837.015170364574
"events",2020-05-11 09:49:00,839.713653328116
"events",2020-05-11 09:50:00,838.842287995305
"events",2020-05-11 09:51:00,838.358059195774
"events",2020-05-11 09:52:00,837.822253276197
"events",2020-05-11 09:53:00,841.740027948577
"events",2020-05-11 09:54:00,844.26602515372
"events",2020-05-11 09:55:00,848.539422638348
"events",2020-05-11 09:56:00,846.585480374513
"events",2020-05-11 09:57:00,845.926932337062
"events",2020-05-11 09:58:00,843.034239103356
"events",2020-05-11 09:59:00,841.13081519302
"events",2020-05-11 10:00:00,843.317733673718
"events",2020-05-11 10:01:00,846.385960306346
"events",2020-05-11 10:02:00,851.147364275712
"events",2020-05-11 10:03:00,853.33262784814
"events",2020-05-11 10:04:00,847.699365063326
"events",2020-05-11 10:05:00,846.429428556994
"events",2020-05-11 10:06:00,847.886485701294
"events",2020-05-11 10:07:00,844.797837131165
"events",2020-05-11 10:08:00,842.918053418049
"events",2020-05-11 10:09:00,840.326248076244
"events",2020-05-11 10:10:00,837.693623268619
"events",2020-05-11 10:11:00,835.824260941757
"events",2020-05-11 10:12:00,836.441834847582
"events",2020-05-11 10:13:00,838.397651362824
"events",2020-05-11 10:14:00,840.357886226541
"events",2020-05-11 10:15:00,842.722097603887
"events",2020-05-11 10:16:00,840.549887843498
"events",2020-05-11 10:17:00,842.894899059149
"events",2020-05-11 10:18:00,843.505409153234
"events",2020-05-11 10:19:00,841.65486823791
"events",2020-05-11 10:20:00,843.289381414119
"events",2020-05-11 10:21:00,838.960443272707
"events",2020-05-11 10:22:00,840.464398945437
"events",2020-05-11 10:23:00,839.417959050893
"events",2020-05-11 10:24:00,847.476163145804
"events",2020-05-11 10:25:00,850.528546831223
"events",2020-05-11 10:26:00,851.075692148101
"events",2020-05-11 10:27:00,856.468122933291
"events",2020-05-11 10:28:00,853.621310639962
"events",2020-05-11 10:29:00,854.959179575966
"events",2020-05-11 10:30:00,854.863261618369
"events",2020-05-11 10:31:00,859.476935456532
"events",2020-05-11 10:32:00,855.729241910879
"events",2020-05-11 10:33:00,858.456317719791
"events",2020-05-11 10:34:00,860.510685947812
"events",2020-05-11 10:35:00,863.059617353031
"events",2020-05-11 10:36:00,864.553655617728
"events",2020-05-11 10:37:00,865.398290055955
"events",2020-05-11 10:38:00,869.45846105036
"events",2020-05-11 10:39:00,868.612614945324
"events",2020-05-11 10:40:00,867.651353450791
"events",2020-05-11 10:41:00,870.886218105712
"events",2020-05-11 10:42:00,871.397596295141
"events",2020-05-11 10:43:00,870.557836665627
"events",2020-05-11 10:44:00,868.202052999064
"events",2020-05-11 10:45:00,867.281847699158
"events",2020-05-11 10:46:00,870.453662929242
"events",2020-05-11 10:47:00,874.208296636318
"events",2020-05-11 10:48:00,871.387466972686
"events",2020-05-11 10:49:00,871.248720275418
"events",2020-05-11 10:50:00,871.423848247876
"events",2020-05-11 10:51:00,872.581463423088
"events",2020-05-11 10:52:00,874.62331708078
"events",2020-05-11 10:53:00,873.660985372702
"events",2020-05-11 10:54:00,880.294886835431
"events",2020-05-11 10:55:00,877.965398151888
"events",2020-05-11 10:56:00,878.2688583367
"events",2020-05-11 10:57:00,882.64197250303
"events",2020-05-11 10:58:00,881.977775252727
"events",2020-05-11 10:59:00,885.779997727454
"events",2020-05-11 11:00:00,883.701997954709
"events",2020-05-11 11:01:00,886.331798159238
"events",2020-05-11 11:02:00,885.698618343314
"events",2020-05-11 11:03:00,889.728756508983
"events",2020-05-11 11:04:00,890.155880858085
"events",2020-05-11 11:05:00,884.740292772276
"events",2020-05-11 11:06:00,885.766263495049
"events",2020-05-11 11:07:00,881.489637145544
"events",2020-05-11 11:08:00,883.740673430989
"events",2020-05-11 11:09:00,887.16660608789
"events",2020-05-11 11:10:00,887.249945479101
"events",2020-05-11 11:11:00,890.824950931191
"events",2020-05-11 11:12:00,889.642455838072
"events",2020-05-11 11:13:00,890.578210254265
"events",2020-05-11 11:14:00,894.220389228839
"events",2020-05-11 11:15:00,892.998350305955
"events",2020-05-11 11:16:00,891.098515275359
"events",2020-05-11 11:17:00,890.888663747823
"events",2020-05-11 11:18:00,888.399797373041
"events",2020-05-11 11:19:00,890.959817635737
"events",2020-05-11 11:20:00,888.463835872163
"events",2020-05-11 11:21:00,887.517452284947
"events",2020-05-11 11:22:00,887.465707056452
"events",2020-05-11 11:23:00,882.719136350807
"events",2020-05-11 11:24:00,877.947222715726
"events",2020-05-11 11:25:00,881.752500444154
"events",2020-05-11 11:26:00,882.977250399738
"events",2020-05-11 11:27:00,881.279525359765
"events",2020-05-11 11:28:00,882.451572823788
"events",2020-05-11 11:29:00,880.306415541409
"events",2020-05-11 11:30:00,883.175773987268
"events",2020-05-11 11:31:00,880.658196588542
"events",2020-05-11 11:32:00,880.692376929687
"events",2020-05-11 11:33:00,874.923139236719
"events",2020-05-11 11:34:00,874.430825313047
"events",2020-05-11 11:35:00,873.787742781742
"events",2020-05-11 11:36:00,868.208968503568
"events",2020-05-11 11:37:00,862.588071653211
"events",2020-05-11 11:38:00,867.62926448789
"events",2020-05-11 11:39:00,871.066338039101
"events",2020-05-11 11:40:00,871.959704235191
"events",2020-05-11 11:41:00,871.663733811672
"events",2020-05-11 11:42:00,870.397360430505
"events",2020-05-11 11:43:00,875.857624387454
"events",2020-05-11 11:44:00,874.871861948709
"events",2020-05-11 11:45:00,874.684675753838
"events",2020-05-11 11:46:00,875.116208178454
"events",2020-05-11 11:47:00,880.904587360609
"events",2020-05-11 11:48:00,882.514128624548
"events",2020-05-11 11:49:00,881.062715762093
"events",2020-05-11 11:50:00,875.756444185884
"events",2020-05-11 11:51:00,874.480799767296
"events",2020-05-11 11:52:00,873.032719790566
"events",2020-05-11 11:53:00,872.329447811509
"events",2020-05-11 11:54:00,871.196503030359
"events",2020-05-11 11:55:00,873.476852727323
"events",2020-05-11 11:56:00,875.22916745459
"events",2020-05-11 11:57:00,872.606250709131
"events",2020-05-11 11:58:00,871.945625638218
"events",2020-05-11 11:59:00,871.651063074396
"events",2020-05-11 12:00:00,875.385956766957
"events",2020-05-11 12:01:00,870.147361090261
"events",2020-05-11 12:02:00,868.032624981235
"events",2020-05-11 12:03:00,867.929362483112
"events",2020-05-11 12:04:00,866.736426234801
"events",2020-05-11 12:05:00,866.862783611321
"events",2020-05-11 12:06:00,868.576505250188
"events",2020-05-11 12:07:00,872.31885472517
"events",2020-05-11 12:08:00,873.486969252653
"events",2020-05-11 12:09:00,872.438272327387
"events",2020-05-11 12:10:00,863.394445094649
"events",2020-05-11 12:11:00,858.955000585184
"events",2020-05-11 12:12:00,863.359500526666
"events",2020-05-11 12:13:00,868.223550473999
"events",2020-05-11 12:14:00,870.601195426599
"events",2020-05-11 12:15:00,866.741075883939
"events",2020-05-11 12:16:00,868.466968295545
"events",2020-05-11 12:17:00,871.220271465991
"events",2020-05-11 12:18:00,871.998244319392
"events",2020-05-11 12:19:00,873.798419887453
"events",2020-05-11 12:20:00,872.518577898707
"events",2020-05-11 12:21:00,875.166720108837
"events",2020-05-11 12:22:00,873.950048097953
"events",2020-05-11 12:23:00,878.655043288158
"events",2020-05-11 12:24:00,877.089538959342
"events",2020-05-11 12:25:00,878.180585063408
"events",2020-05-11 12:26:00,879.362526557067
"events",2020-05-11 12:27:00,883.92627390136
"events",2020-05-11 12:28:00,889.133646511224
"events",2020-05-11 12:29:00,886.920281860102
"events",2020-05-11 12:30:00,885.428253674092
"events",2020-05-11 12:31:00,892.585428306683
"events",2020-05-11 12:32:00,894.626885476015
"events",2020-05-11 12:33:00,894.464196928413
"events",2020-05-11 12:34:00,897.217777235572
"events",2020-05-11 12:35:00,893.895999512015
"events",2020-05-11 12:36:00,893.806399560813
"events",2020-05-11 12:37:00,897.825759604732
"events",2020-05-11 12:38:00,896.143183644259
"events",2020-05-11 12:39:00,895.028865279833
"events",2020-05-11 12:40:00,891.82597875185
"events",2020-05-11 12:41:00,887.743380876665
"events",2020-05-11 12:42:00,889.169042788998
"events",2020-05-11 12:43:00,885.652138510099
"events",2020-05-11 12:44:00,886.086924659089
"events",2020-05-11 12:45:00,896.77823219318
"events",2020-05-11 12:46:00,901.000408973862
"events",2020-05-11 12:47:00,900.200368076476
"events",2020-05-11 12:48:00,900.480331268828
"events",2020-05-11 12:49:00,900.132298141945
"events",2020-05-11 12:50:00,897.219068327751
"events",2020-05-11 12:51:00,899.497161494976
"events",2020-05-11 12:52:00,905.047445345478
"events",2020-05-11 12:53:00,905.54270081093
"events",2020-05-11 12:54:00,900.288430729837
"events",2020-05-11 12:55:00,901.859587656854
"events",2020-05-11 12:56:00,904.073628891168
"events",2020-05-11 12:57:00,906.866266002051
"events",2020-05-11 12:58:00,910.279639401846
"events",2020-05-11 12:59:00,913.451675461662
"events",2020-05-11 13:00:00,915.306507915496
"events",2020-05-11 13:01:00,915.875857123946
"events",2020-05-11 13:02:00,919.688271411552
"events",2020-05-11 13:03:00,918.419444270397
"events",2020-05-11 13:04:00,921.777499843357
"events",2020-05-11 13:05:00,925.999749859021
"events",2020-05-11 13:06:00,923.199774873119
"events",2020-05-11 13:07:00,922.479797385807
"events",2020-05-11 13:08:00,918.331817647227
"events",2020-05-11 13:09:00,916.198635882504
"events",2020-05-11 13:10:00,919.578772294254
"events",2020-05-11 13:11:00,921.120895064828
"events",2020-05-11 13:12:00,916.808805558346
"events",2020-05-11 13:13:00,913.827925002511
"events",2020-05-11 13:14:00,913.14513250226
"events",2020-05-11 13:15:00,915.030619252034
"events",2020-05-11 13:16:00,914.827557326831
"events",2020-05-11 13:17:00,916.844801594148
"events",2020-05-11 13:18:00,914.060321434733
"events",2020-05-11 13:19:00,920.35428929126
"events",2020-05-11 13:20:00,921.818860362134
"events",2020-05-11 13:21:00,922.73697432592
"events",2020-05-11 13:22:00,919.963276893328
"events",2020-05-11 13:23:00,920.066949203996
"events",2020-05-11 13:24:00,921.560254283596
"events",2020-05-11 13:25:00,927.404228855236
"events",2020-05-11 13:26:00,929.163805969713
"events",2020-05-11 13:27:00,929.447425372742
"events",2020-05-11 13:28:00,931.502682835467
"events",2020-05-11 13:29:00,934.952414551921
"events",2020-05-11 13:30:00,936.357173096729
"events",2020-05-11 13:31:00,935.421455787056
"events",2020-05-11 13:32:00,937.67931020835
"events",2020-05-11 13:33:00,942.311379187515
"events",2020-05-11 13:34:00,944.780241268764
"events",2020-05-11 13:35:00,946.402217141887
"events",2020-05-11 13:36:00,945.161995427699
"events",2020-05-11 13:37:00,947.645795884929
"events",2020-05-11 13:38:00,949.581216296436
"events",2020-05-11 13:39:00,948.023094666792
"events",2020-05-11 13:40:00,949.020785200113
"events",2020-05-11 13:41:00,948.418706680102
"events",2020-05-11 13:42:00,948.476836012092
"events",2020-05-11 13:43:00,951.629152410883
"events",2020-05-11 13:44:00,951.766237169794
"events",2020-05-11 13:45:00,953.689613452815
"events",2020-05-11 13:46:00,955.820652107533
"events",2020-05-11 13:47:00,955.93858689678
"events",2020-05-11 13:48:00,953.844728207102
"events",2020-05-11 13:49:00,954.860255386392
"events",2020-05-11 13:50:00,954.474229847753
"events",2020-05-11 13:51:00,951.626806862978
"events",2020-05-11 13:52:00,954.76412617668
"events",2020-05-11 13:53:00,953.887713559012
"events",2020-05-11 13:54:00,955.598942203111
"events",2020-05-11 13:55:00,953.6390479828
"events",2020-05-11 13:56:00,956.37514318452
"events",2020-05-11 13:57:00,960.637628866068
"events",2020-05-11 13:58:00,961.873865979461
"events",2020-05-11 13:59:00,962.386479381515
"events",2020-05-11 14:00:00,957.847831443363
"events",2020-05-11 14:01:00,962.163048299027
"events",2020-05-11 14:02:00,969.746743469125
"events",2020-05-11 14:03:00,968.072069122212
"events",2020-05-11 14:04:00,969.064862209991
"events",2020-05-11 14:05:00,973.258375988992
"events",2020-05-11 14:06:00,976.432538390093
"events",2020-05-11 14:07:00,976.789284551083
"events",2020-05-11 14:08:00,979.210356095975
"events",2020-05-11 14:09:00,979.689320486377
"events",2020-05-11 14:10:00,980.82038843774
"events",2020-05-11 14:11:00,983.738349593966
"events",2020-05-11 14:12:00,989.064514634569
"events",2020-05-11 14:13:00,991.258063171112
"events",2020-05-11 14:14:00,989.932256854001
"events",2020-05-11 14:15:00,986.839031168601
"events",2020-05-11 14:16:00,987.755128051741
"events",2020-05-11 14:17:00,993.579615246567
"events",2020-05-11 14:18:00,999.22165372191
"events",2020-05-11 14:19:00,1000.29948834972
"events",2020-05-11 14:20:00,999.869539514747
"events",2020-05-11 14:21:00,995.782585563273
"events",2020-05-11 14:22:00,999.404327006945
"events",2020-05-11 14:23:00,1001.36389430625
"events",2020-05-11 14:24:00,1006.62750487563
"events",2020-05-11 14:25:00,1007.86475438806
"events",2020-05-11 14:26:00,1006.97827894926
"events",2020-05-11 14:27:00,1004.58045105433
"events",2020-05-11 14:28:00,1002.9224059489
"events",2020-05-11 14:29:00,1006.73016535401
"events",2020-05-11 14:30:00,1010.75714881861
"events",2020-05-11 14:31:00,1006.18143393675
"events",2020-05-11 14:32:00,1004.26329054307
"events",2020-05-11 14:33:00,1006.43696148876
"events",2020-05-11 14:34:00,1005.99326533989
"events",2020-05-11 14:35:00,1008.1939388059
"events",2020-05-11 14:36:00,1007.47454492531
"events",2020-05-11 14:37:00,1007.12709043278
"events",2020-05-11 14:38:00,1002.7143813895
"events",2020-05-11 14:39:00,1006.04294325055
"events",2020-05-11 14:40:00,1009.0386489255
"events",2020-05-11 14:41:00,1001.93478403295
"events",2020-05-11 14:42:00,1000.64130562965
"events",2020-05-11 14:43:00,998.377175066687
"events",2020-05-11 14:44:00,999.739457560018
"events",2020-05-11 14:45:00,999.265511804016
"events",2020-05-11 14:46:00,1006.93896062361
"events",2020-05-11 14:47:00,1012.94506456125
"events",2020-05-11 14:48:00,1014.15055810513
"events",2020-05-11 14:49:00,1012.33550229462
"events",2020-05-11 14:50:00,1022.40195206515
"events",2020-05-11 14:51:00,1019.36175685864
"events",2020-05-11 14:52:00,1022.52558117277
"events",2020-05-11 14:53:00,1020.7730230555
"events",2020-05-11 14:54:00,1019.19572074995
"events",2020-05-11 14:55:00,1021.57614867495
"events",2020-05-11 14:56:00,1023.81853380746
"events",2020-05-11 14:57:00,1031.33668042671
"events",2020-05-11 14:58:00,1032.00301238404
"events",2020-05-11 14:59:00,1034.30271114564
"events",2020-05-11 15:00:00,1040.37244003107
"events",2020-05-11 15:01:00,1042.43519602797
"events",2020-05-11 15:02:00,1043.59167642517
"events",2020-05-11 15:03:00,1043.23250878265
"events",2020-05-11 15:04:00,1040.40925790439
"events",2020-05-11 15:05:00,1041.36833211395
"events",2020-05-11 15:06:00,1043.53149890255
"events",2020-05-11 15:07:00,1042.7783490123
"events",2020-05-11 15:08:00,1048.80051411107
"events",2020-05-11 15:09:00,1053.92046269996
"events",2020-05-11 15:10:00,1052.52841642997
"events",2020-05-11 15:11:00,1052.47557478697
"events",2020-05-11 15:12:00,1049.82801730827
"events",2020-05-11 15:13:00,1047.04521557744
"events",2020-05-11 15:14:00,1042.3406940197
"events",2020-05-11 15:15:00,1041.50662461773
"events",2020-05-11 15:16:00,1040.65596215596
"events",2020-05-11 15:17:00,1046.79036594036
"events",2020-05-11 15:18:00,1045.21132934633
"events",2020-05-11 15:19:00,1050.39019641169
"events",2020-05-11 15:20:00,1049.45117677052
"events",2020-05-11 15:21:00,1047.60605909347
"events",2020-05-11 15:22:00,1056.54545318412
"events",2020-05-11 15:23:00,1056.39090786571
"events",2020-05-11 15:24:00,1062.35181707914
"events",2020-05-11 15:25:00,1069.01663537123
"events",2020-05-11 15:26:00,1070.1149718341
"events",2020-05-11 15:27:00,1064.00347465069
"events",2020-05-11 15:28:00,1063.10312718562
"events",2020-05-11 15:29:00,1063.69281446706
"events",2020-05-11 15:30:00,1073.42353302036
"events",2020-05-11 15:31:00,1073.68117971832
"events",2020-05-11 15:32:00,1070.11306174649
"events",2020-05-11 15:33:00,1070.70175557184
"events",2020-05-11 15:34:00,1070.63158001466
"events",2020-05-11 15:35:00,1075.66842201319
"events",2020-05-11 15:36:00,1079.30157981187
"events",2020-05-11 15:37:00,1077.57142183068
"events",2020-05-11 15:38:00,1082.11427964762
"events",2020-05-11 15:39:00,1084.50285168285
"events",2020-05-11 15:40:00,1087.15256651457
"events",2020-05-11 15:41:00,1080.33730986311
"events",2020-05-11 15:42:00,1080.0035788768
"events",2020-05-11 15:43:00,1079.90322098912
"events",2020-05-11 15:44:00,1080.31289889021
"events",2020-05-11 15:45:00,1078.08160900119
"events",2020-05-11 15:46:00,1078.17344810107
"events",2020-05-11 15:47:00,1077.35610329096
"events",2020-05-11 15:48:00,1081.02049296187
"events",2020-05-11 15:49:00,1078.21844366568
"events",2020-05-11 15:50:00,1079.19659929911
"events",2020-05-11 15:51:00,1082.1769393692
"events",2020-05-11 15:52:00,1082.75924543228
"events",2020-05-11 15:53:00,1082.48332088905
"events",2020-05-11 15:54:00,1072.73498880015
"events",2020-05-11 15:55:00,1077.26148992013
"events",2020-05-11 15:56:00,1085.53534092812
"events",2020-05-11 15:57:00,1081.18180683531
"events",2020-05-11 15:58:00,1084.46362615178
"events",2020-05-11 15:59:00,1088.1172635366
"events",2020-05-11 16:00:00,1083.80553718294
"events",2020-05-11 16:01:00,1078.42498346465
"events",2020-05-11 16:02:00,1077.18248511818
"events",2020-05-11 16:03:00,1078.96423660636
"events",2020-05-11 16:04:00,1079.06781294573
"events",2020-05-11 16:05:00,1083.16103165115
"events",2020-05-11 16:06:00,1080.74492848604
"events",2020-05-11 16:07:00,1080.67043563743
"events",2020-05-11 16:08:00,1075.50339207369
"events",2020-05-11 16:09:00,1078.15305286632
"events",2020-05-11 16:10:00,1078.93774757969
"events",2020-05-11 16:11:00,1084.34397282172
"events",2020-05-11 16:12:00,1080.60957553955
"events",2020-05-11 16:13:00,1079.64861798559
"events",2020-05-11 16:14:00,1077.58375618703
"events",2020-05-11 16:15:00,1075.72538056833
"events",2020-05-11 16:16:00,1077.4528425115
"events",2020-05-11 16:17:00,1078.00755826035
"events",2020-05-11 16:18:00,1080.10680243431
"events",2020-05-11 16:19:00,1082.79612219088
"events",2020-05-11 16:20:00,1079.91650997179
"events",2020-05-11 16:21:00,1078.42485897461
"events",2020-05-11 16:22:00,1080.98237307715
"events",2020-05-11 16:23:00,1078.78413576944
"events",2020-05-11 16:24:00,1079.70572219249
"events",2020-05-11 16:25:00,1073.93514997324
"events",2020-05-11 16:26:00,1079.34163497592
"events",2020-05-11 16:27:00,1078.30747147833
"events",2020-05-11 16:28:00,1076.1767243305
"events",2020-05-11 16:29:00,1080.35905189745
"events",2020-05-11 16:30:00,1087.2231467077
"events",2020-05-11 16:31:00,1088.20083203693
"events",2020-05-11 16:32:00,1085.68074883324
"events",2020-05-11 16:33:00,1086.11267394991
"events",2020-05-11 16:34:00,1085.10140655492
"events",2020-05-11 16:35:00,1087.49126589943
"events",2020-05-11 16:36:00,1087.64213930949
"events",2020-05-11 16:37:00,1092.17792537854
"events",2020-05-11 16:38:00,1094.66013284069
"events",2020-05-11 16:39:00,1099.59411955662
"events",2020-05-11 16:40:00,1100.23470760096
"events",2020-05-11 16:41:00,1094.61123684086
"events",2020-05-11 16:42:00,1098.75011315677
"events",2020-05-11 16:43:00,1093.6751018411
"events",2020-05-11 16:44:00,1095.70759165699
"events",2020-05-11 16:45:00,1093.53683249129
"events",2020-05-11 16:46:00,1098.58314924216
"events",2020-05-11 16:47:00,1098.12483431794
"events",2020-05-11 16:48:00,1092.71235088615
"events",2020-05-11 16:49:00,1086.84111579753
"events",2020-05-11 16:50:00,1089.55700421778
"events",2020-05-11 16:51:00,1082.601303796
"events",2020-05-11 16:52:00,1082.2411734164
"events",2020-05-11 16:53:00,1082.61705607476
"events",2020-05-11 16:54:00,1080.65535046729
"events",2020-05-11 16:55:00,1080.18981542056
"events",2020-05-11 16:56:00,1078.0708338785
"events",2020-05-11 16:57:00,1083.46375049065
"events",2020-05-11 16:58:00,1090.31737544159
"events",2020-05-11 16:59:00,1092.98563789743
"events",2020-05-11 17:00:00,1095.58707410769
"events",2020-05-11 17:01:00,1091.12836669692
"events",2020-05-11 17:02:00,1088.61553002722
"events",2020-05-11 17:03:00,1091.1539770245
"events",2020-05-11 17:04:00,1092.53857932205
"events",2020-05-11 17:05:00,1090.98472138985
"events",2020-05-11 17:06:00,1092.58624925086
"events",2020-05-11 17:07:00,1091.02762432578
"events",2020-05-11 17:08:00,1089.6248618932
"events",2020-05-11 17:09:00,1088.46237570388
"events",2020-05-11 17:10:00,1083.51613813349
"events",2020-05-11 17:11:00,1085.66452432014
"events",2020-05-11 17:12:00,1079.49807188813
"events",2020-05-11 17:13:00,1075.24826469931
"events",2020-05-11 17:14:00,1079.32343822938
"events",2020-05-11 17:15:00,1077.19109440644
"events",2020-05-11 17:16:00,1074.6719849658
"events",2020-05-11 17:17:00,1075.30478646922
"events",2020-05-11 17:18:00,1076.4743078223
"events",2020-05-11 17:19:00,1077.52687704007
"events",2020-05-11 17:20:00,1074.57418933606
"events",2020-05-11 17:21:00,1075.11677040246
"events",2020-05-11 17:22:00,1076.90509336221
"events",2020-05-11 17:23:00,1076.61458402599
"events",2020-05-11 17:24:00,1080.45312562339
"events",2020-05-11 17:25:00,1076.30781306105
"events",2020-05-11 17:26:00,1079.47703175495
"events",2020-05-11 17:27:00,1082.12932857945
"events",2020-05-11 17:28:00,1080.71639572151
"events",2020-05-11 17:29:00,1078.24475614936
"events",2020-05-11 17:30:00,1076.42028053442
"events",2020-05-11 17:31:00,1070.77825248098
"events",2020-05-11 17:32:00,1068.00042723288
"events",2020-05-11 17:33:00,1067.00038450959
"events",2020-05-11 17:34:00,1064.50034605863
"events",2020-05-11 17:35:00,1059.85031145277
"events",2020-05-11 17:36:00,1059.76528030749
"events",2020-05-11 17:37:00,1063.58875227674
"events",2020-05-11 17:38:00,1065.62987704907
"events",2020-05-11 17:39:00,1066.86688934416
"events",2020-05-11 17:40:00,1065.78020040975
"events",2020-05-11 17:41:00,1067.50218036877
"events",2020-05-11 17:42:00,1070.15196233189
"events",2020-05-11 17:43:00,1066.1367660987
"events",2020-05-11 17:44:00,1065.12308948883
"events",2020-05-11 17:45:00,1067.41078053995
"events",2020-05-11 17:46:00,1064.56970248596
"events",2020-05-11 17:47:00,1065.81273223736
"events",2020-05-11 17:48:00,1062.73145901362
"events",2020-05-11 17:49:00,1065.35831311226
"events",2020-05-11 17:50:00,1068.52248180104
"events",2020-05-11 17:51:00,1069.37023362093
"events",2020-05-11 17:52:00,1067.13321025884
"events",2020-05-11 17:53:00,1068.81988923296
"events",2020-05-11 17:54:00,1069.93790030966
"events",2020-05-11 17:55:00,1067.34411027869
"events",2020-05-11 17:56:00,1071.60969925082
"events",2020-05-11 17:57:00,1072.44872932574
"events",2020-05-11 17:58:00,1071.00385639317
"events",2020-05-11 17:59:00,1077.10347075385
"events",2020-05-11 18:00:00,1068.79312367847
"events",2020-05-11 18:01:00,1069.21381131062
"events",2020-05-11 18:02:00,1064.19243017956
"events",2020-05-11 18:03:00,1064.0731871616
"events",2020-05-11 18:04:00,1062.66586844544
"events",2020-05-11 18:05:00,1060.3992816009
"events",2020-05-11 18:06:00,1052.45935344081
"events",2020-05-11 18:07:00,1053.11341809673
"events",2020-05-11 18:08:00,1052.30207628705
"events",2020-05-11 18:09:00,1046.87186865835
"events",2020-05-11 18:10:00,1049.88468179251
"events",2020-05-11 18:11:00,1051.09621361326
"events",2020-05-11 18:12:00,1047.88659225194
"events",2020-05-11 18:13:00,1051.19793302674
"events",2020-05-11 18:14:00,1050.77813972407
"events",2020-05-11 18:15:00,1050.00032575166
"events",2020-05-11 18:16:00,1044.7002931765
"events",2020-05-11 18:17:00,1043.93026385885
"events",2020-05-11 18:18:00,1048.73723747296
"events",2020-05-11 18:19:00,1047.86351372567
"events",2020-05-11 18:20:00,1044.0771623531
"events",2020-05-11 18:21:00,1043.46944611779
"events",2020-05-11 18:22:00,1044.92250150601
"events",2020-05-11 18:23:00,1042.93025135541
"events",2020-05-11 18:24:00,1045.93722621987
"events",2020-05-11 18:25:00,1043.74350359788
"events",2020-05-11 18:26:00,1044.86915323809
"events",2020-05-11 18:27:00,1043.48223791428
"events",2020-05-11 18:28:00,1041.53401412286
"events",2020-05-11 18:29:00,1042.48061271057
"events",2020-05-11 18:30:00,1047.33255143951
"events",2020-05-11 18:31:00,1045.39929629556
"events",2020-05-11 18:32:00,1043.15936666601
"events",2020-05-11 18:33:00,1042.2434299994
"events",2020-05-11 18:34:00,1042.31908699946
"events",2020-05-11 18:35:00,1042.68717829952
"events",2020-05-11 18:36:00,1044.71846046957
"events",2020-05-11 18:37:00,1036.94661442261
"events",2020-05-11 18:38:00,1042.75195298035
"events",2020-05-11 18:39:00,1036.67675768231
"events",2020-05-11 18:40:00,1031.10908191408
"events",2020-05-11 18:41:00,1025.59817372267
"events",2020-05-11 18:42:00,1025.73835635041
"events",2020-05-11 18:43:00,1018.56452071537
"events",2020-05-11 18:44:00,1017.40806864383
"events",2020-05-11 18:45:00,1014.96726177945
"events",2020-05-11 18:46:00,1017.0705356015
"events",2020-05-11 18:47:00,1015.56348204135
"events",2020-05-11 18:48:00,1013.20713383722
"events",2020-05-11 18:49:00,1008.5864204535
"events",2020-05-11 18:50:00,1007.52777840815
"events",2020-05-11 18:51:00,1006.27500056733
"events",2020-05-11 18:52:00,1004.3475005106
"events",2020-05-11 18:53:00,1003.21275045954
"events",2020-05-11 18:54:00,999.491475413584
"events",2020-05-11 18:55:00,999.742327872226
"events",2020-05-11 18:56:00,991.868095085003
"events",2020-05-11 18:57:00,990.281285576503
"events",2020-05-11 18:58:00,985.653157018853
"events",2020-05-11 18:59:00,988.987841316967
"events",2020-05-11 19:00:00,991.789057185271
"events",2020-05-11 19:01:00,1001.11015146674
"events",2020-05-11 19:02:00,998.999136320069
"events",2020-05-11 19:03:00,1000.59922268806
"events",2020-05-11 19:04:00,1000.13930041926
"events",2020-05-11 19:05:00,997.925370377331
"events",2020-05-11 19:06:00,995.532833339598
"events",2020-05-11 19:07:00,996.779550005638
"events",2020-05-11 19:08:00,990.901595005074
"events",2020-05-11 19:09:00,987.811435504567
"events",2020-05-11 19:10:00,988.53029195411
"events",2020-05-11 19:11:00,981.477262758699
"events",2020-05-11 19:12:00,984.129536482829
"events",2020-05-11 19:13:00,977.016582834546
"events",2020-05-11 19:14:00,975.714924551092
"events",2020-05-11 19:15:00,976.143432095982
"events",2020-05-11 19:16:00,976.029088886384
"events",2020-05-11 19:17:00,973.626179997746
"events",2020-05-11 19:18:00,971.363561997971
"events",2020-05-11 19:19:00,973.327205798174
"events",2020-05-11 19:20:00,977.494485218357
"events",2020-05-11 19:21:00,977.945036696521
"events",2020-05-11 19:22:00,973.250533026869
"events",2020-05-11 19:23:00,965.025479724182
"events",2020-05-11 19:24:00,961.122931751764
"events",2020-05-11 19:25:00,959.610638576588
"events",2020-05-11 19:26:00,963.049574718929
"events",2020-05-11 19:27:00,956.244617247036
"events",2020-05-11 19:28:00,952.720155522332
"events",2020-05-11 19:29:00,948.348139970099
"events",2020-05-11 19:30:00,951.713325973089
"events",2020-05-11 19:31:00,946.34199337578
"events",2020-05-11 19:32:00,950.807794038202
"events",2020-05-11 19:33:00,947.327014634382
"events",2020-05-11 19:34:00,947.894313170944
"events",2020-05-11 19:35:00,956.30488185385
"events",2020-05-11 19:36:00,955.174393668465
"events",2020-05-11 19:37:00,956.656954301618
"events",2020-05-11 19:38:00,950.191258871457
"events",2020-05-11 19:39:00,949.872132984311
"events",2020-05-11 19:40:00,950.78491968588
"events",2020-05-11 19:41:00,950.806427717292
"events",2020-05-11 19:42:00,947.225784945563
"events",2020-05-11 19:43:00,943.903206451006
"events",2020-05-11 19:44:00,945.412885805906
"events",2020-05-11 19:45:00,943.671597225315
"events",2020-05-11 19:46:00,943.704437502784
"events",2020-05-11 19:47:00,952.333993752505
"events",2020-05-11 19:48:00,948.900594377255
"events",2020-05-11 19:49:00,951.71053493953
"events",2020-05-11 19:50:00,951.839481445577
"events",2020-05-11 19:51:00,948.755533301019
"events",2020-05-11 19:52:00,947.379979970917
"events",2020-05-11 19:53:00,957.541981973825
"events",2020-05-11 19:54:00,961.187783776443
"events",2020-05-11 19:55:00,964.269005398799
"events",2020-05-11 19:56:00,966.442104858919
"events",2020-05-11 19:57:00,958.797894373027
"events",2020-05-11 19:58:00,952.218104935724
"events",2020-05-11 19:59:00,952.596294442152
"events",2020-05-11 20:00:00,944.636664997937
"events",2020-05-11 20:01:00,941.472998498143
"events",2020-05-11 20:02:00,939.725698648329
"events",2020-05-11 20:03:00,943.953128783496
"events",2020-05-11 20:04:00,948.757815905146
"events",2020-05-11 20:05:00,953.782034314632
"events",2020-05-11 20:06:00,954.503830883169
"events",2020-05-11 20:07:00,954.553447794852
"events",2020-05-11 20:08:00,954.598103015367
"events",2020-05-11 20:09:00,952.43829271383
"events",2020-05-11 20:10:00,950.294463442447
"events",2020-05-11 20:11:00,955.665017098202
"events",2020-05-11 20:12:00,952.398515388382
"events",2020-05-11 20:13:00,952.058663849544
"events",2020-05-11 20:14:00,953.75279746459
"events",2020-05-11 20:15:00,955.177517718131
"events",2020-05-11 20:16:00,947.159765946318
"events",2020-05-11 20:17:00,944.043789351686
"events",2020-05-11 20:18:00,942.939410416517
"events",2020-05-11 20:19:00,943.345469374866
"events",2020-05-11 20:20:00,946.610922437379
"events",2020-05-11 20:21:00,945.449830193641
"events",2020-05-11 20:22:00,946.304847174277
"events",2020-05-11 20:23:00,945.574362456849
"events",2020-05-11 20:24:00,942.816926211164
"events",2020-05-11 20:25:00,943.335233590048
"events",2020-05-11 20:26:00,942.201710231043
"events",2020-05-11 20:27:00,937.481539207939
"events",2020-05-11 20:28:00,940.433385287145
"events",2020-05-11 20:29:00,934.690046758431
"events",2020-05-11 20:30:00,935.821042082587
"events",2020-05-11 20:31:00,939.138937874329
"events",2020-05-11 20:32:00,945.925044086896
"events",2020-05-11 20:33:00,945.832539678206
"events",2020-05-11 20:34:00,947.049285710386
"events",2020-05-11 20:35:00,946.444357139347
"events",2020-05-11 20:36:00,944.899921425412
"events",2020-05-11 20:37:00,945.809929282871
"events",2020-05-11 20:38:00,949.828936354584
"events",2020-05-11 20:39:00,947.046042719126
"events",2020-05-11 20:40:00,946.241438447213
"events",2020-05-11 20:41:00,941.817294602492
"events",2020-05-11 20:42:00,938.635565142243
"events",2020-05-11 20:43:00,933.372008628019
"events",2020-05-11 20:44:00,931.434807765217
"events",2020-05-11 20:45:00,930.191326988695
"events",2020-05-11 20:46:00,933.072194289826
"events",2020-05-11 20:47:00,930.064974860843
"events",2020-05-11 20:48:00,929.958477374759
"events",2020-05-11 20:49:00,925.562629637283
"events",2020-05-11 20:50:00,920.606366673555
"events",2020-05-11 20:51:00,923.545730006199
"events",2020-05-11 20:52:00,924.391157005579
"events",2020-05-11 20:53:00,926.352041305021
"events",2020-05-11 20:54:00,923.316837174519
"events",2020-05-11 20:55:00,919.385153457067
"events",2020-05-11 20:56:00,912.346638111361
"events",2020-05-11 20:57:00,909.911974300225
"events",2020-05-11 20:58:00,912.020776870202
"events",2020-05-11 20:59:00,915.918699183182
"events",2020-05-11 21:00:00,918.326829264864
"events",2020-05-11 21:01:00,916.194146338378
"events",2020-05-11 21:02:00,918.17473170454
"events",2020-05-11 21:03:00,918.557258534086
"events",2020-05-11 21:04:00,920.201532680677
"events",2020-05-11 21:05:00,916.98137941261
"events",2020-05-11 21:06:00,922.283241471349
"events",2020-05-11 21:07:00,913.454917324214
"events",2020-05-11 21:08:00,913.809425591793
"events",2020-05-11 21:09:00,910.728483032613
"events",2020-05-11 21:10:00,917.155634729352
"events",2020-05-11 21:11:00,917.640071256417
"events",2020-05-11 21:12:00,919.076064130775
"events",2020-05-11 21:13:00,918.868457717698
"events",2020-05-11 21:14:00,915.981611945928
"events",2020-05-11 21:15:00,916.083450751335
"events",2020-05-11 21:16:00,915.975105676202
"events",2020-05-11 21:17:00,914.777595108582
"events",2020-05-11 21:18:00,911.499835597724
"events",2020-05-11 21:19:00,910.549852037951
"events",2020-05-11 21:20:00,910.894866834156
"events",2020-05-11 21:21:00,906.405380150741
"events",2020-05-11 21:22:00,908.164842135667
"events",2020-05-11 21:23:00,905.8483579221
"events",2020-05-11 21:24:00,905.36352212989
"events",2020-05-11 21:25:00,900.327169916901
"events",2020-05-11 21:26:00,895.394452925211
"events",2020-05-11 21:27:00,895.35500763269
"events",2020-05-11 21:28:00,891.319506869421
"events",2020-05-11 21:29:00,886.587556182479
"events",2020-05-11 21:30:00,886.928800564231
"events",2020-05-11 21:31:00,881.835920507808
"events",2020-05-11 21:32:00,880.252328457027
"events",2020-05-11 21:33:00,880.527095611324
"events",2020-05-11 21:34:00,880.474386050192
"events",2020-05-11 21:35:00,877.126947445173
"events",2020-05-11 21:36:00,877.514252700656
"events",2020-05-11 21:37:00,872.96282743059
"events",2020-05-11 21:38:00,874.866544687531
"events",2020-05-11 21:39:00,876.879890218778
"events",2020-05-11 21:40:00,873.3919011969
"events",2020-05-11 21:41:00,871.65271107721
"events",2020-05-11 21:42:00,871.287439969489
"events",2020-05-11 21:43:00,869.55869597254
"events",2020-05-11 21:44:00,865.402826375286
"events",2020-05-11 21:45:00,859.562543737758
"events",2020-05-11 21:46:00,861.306289363982
"events",2020-05-11 21:47:00,859.475660427584
"events",2020-05-11 21:48:00,859.228094384825
"events",2020-05-11 21:49:00,852.705284946343
"events",2020-05-11 21:50:00,848.834756451709
"events",2020-05-11 21:51:00,847.451280806538
"events",2020-05-11 21:52:00,852.306152725884
"events",2020-05-11 21:53:00,852.575537453296
"events",2020-05-11 21:54:00,845.517983707966
"events",2020-05-11 21:55:00,839.766185337169
"events",2020-05-11 21:56:00,842.789566803453
"events",2020-05-11 21:57:00,836.610610123107
"events",2020-05-11 21:58:00,835.649549110797
"events",2020-05-11 21:59:00,830.284594199717
"events",2020-05-11 22:00:00,830.356134779745
"events",2020-05-11 22:01:00,826.620521301771
"events",2020-05-11 22:02:00,823.958469171594
"events",2020-05-11 22:03:00,827.462622254434
"events",2020-05-11 22:04:00,824.716360028991
"events",2020-05-11 22:05:00,822.944724026092
"events",2020-05-11 22:06:00,822.350251623483
"events",2020-05-11 22:07:00,820.715226461135
"events",2020-05-11 22:08:00,818.543703815021
"events",2020-05-11 22:09:00,819.989333433519
"events",2020-05-11 22:10:00,814.790400090167
"events",2020-05-11 22:11:00,811.011360081151
"events",2020-05-11 22:12:00,800.210224073035
"events",2020-05-11 22:13:00,801.989201665732
"events",2020-05-11 22:14:00,797.990281499159
"events",2020-05-11 22:15:00,796.391253349243
"events",2020-05-11 22:16:00,793.552128014318
"events",2020-05-11 22:17:00,790.896915212887
"events",2020-05-11 22:18:00,787.607223691598
"events",2020-05-11 22:19:00,785.646501322438
"events",2020-05-11 22:20:00,779.081851190194
"events",2020-05-11 22:21:00,774.873666071175
"events",2020-05-11 22:22:00,769.486299464058
"events",2020-05-11 22:23:00,764.537669517652
"events",2020-05-11 22:24:00,761.083902565887
"events",2020-05-11 22:25:00,759.575512309298
"events",2020-05-11 22:26:00,760.917961078368
"events",2020-05-11 22:27:00,760.326164970532
"events",2020-05-11 22:28:00,756.593548473478
"events",2020-05-11 22:29:00,758.034193626131
"events",2020-05-11 22:30:00,760.230774263518
"events",2020-05-11 22:31:00,760.007696837166
"events",2020-05-11 22:32:00,758.206927153449
"events",2020-05-11 22:33:00,755.786234438104
"events",2020-05-11 22:34:00,757.207610994294
"events",2020-05-11 22:35:00,752.486849894864
"events",2020-05-11 22:36:00,748.238164905378
"events",2020-05-11 22:37:00,745.91434841484
"events",2020-05-11 22:38:00,742.522913573356
"events",2020-05-11 22:39:00,740.270622216021
"events",2020-05-11 22:40:00,737.443559994419
"events",2020-05-11 22:41:00,735.999203994977
"events",2020-05-11 22:42:00,734.499283595479
"events",2020-05-11 22:43:00,728.149355235931
"events",2020-05-11 22:44:00,726.734419712338
"events",2020-05-11 22:45:00,725.160977741104
"events",2020-05-11 22:46:00,722.844879966994
"events",2020-05-11 22:47:00,722.560391970295
"events",2020-05-11 22:48:00,719.504352773265
"events",2020-05-11 22:49:00,716.753917495939
"events",2020-05-11 22:50:00,711.578525746345
"events",2020-05-11 22:51:00,709.620673171711
"events",2020-05-11 22:52:00,704.258605854539
"events",2020-05-11 22:53:00,702.932745269086
"events",2020-05-11 22:54:00,700.439470742177
"events",2020-05-11 22:55:00,701.695523667959
"events",2020-05-11 22:56:00,696.325971301163
"events",2020-05-11 22:57:00,689.493374171047
"events",2020-05-11 22:58:00,687.444036753942
"events",2020-05-11 22:59:00,686.399633078548
"events",2020-05-11 23:00:00,685.959669770693
"events",2020-05-11 23:01:00,683.563702793624
"events",2020-05-11 23:02:00,681.007332514262
"events",2020-05-11 23:03:00,670.906599262835
"events",2020-05-11 23:04:00,666.015939336552
"events",2020-05-11 23:05:00,664.714345402897
"events",2020-05-11 23:06:00,663.142910862607
"events",2020-05-11 23:07:00,663.128619776346
"events",2020-05-11 23:08:00,660.215757798712
"events",2020-05-11 23:09:00,661.19418201884
"events",2020-05-11 23:10:00,657.774763816956
"events",2020-05-11 23:11:00,654.697287435261
"events",2020-05-11 23:12:00,648.527558691735
"events",2020-05-11 23:13:00,648.374802822561
"events",2020-05-11 23:14:00,646.937322540305
"events",2020-05-11 23:15:00,645.343590286275
"events",2020-05-11 23:16:00,641.409231257647
"events",2020-05-11 23:17:00,632.168308131883
"events",2020-05-11 23:18:00,628.651477318694
"events",2020-05-11 23:19:00,625.886329586825
"events",2020-05-11 23:20:00,626.697696628142
"events",2020-05-11 23:21:00,625.327926965328
"events",2020-05-11 23:22:00,624.395134268795
"events",2020-05-11 23:23:00,622.755620841916
"events",2020-05-11 23:24:00,623.280058757724
"events",2020-05-11 23:25:00,621.252052881952
"events",2020-05-11 23:26:00,621.326847593757
"events",2020-05-11 23:27:00,618.394162834381
"events",2020-05-11 23:28:00,614.654746550943
"events",2020-05-11 23:29:00,610.789271895849
"events",2020-05-11 23:30:00,608.210344706264
"events",2020-05-11 23:31:00,604.689310235637
"events",2020-05-11 23:32:00,600.020379212074
"events",2020-05-11 23:33:00,602.318341290866
"events",2020-05-11 23:34:00,595.88650716178
"events",2020-05-11 23:35:00,591.297856445602
"events",2020-05-11 23:36:00,593.668070801041
"events",2020-05-11 23:37:00,594.401263720937
"events",2020-05-11 23:38:00,591.561137348844
"events",2020-05-11 23:39:00,586.205023613959
"events",2020-05-11 23:40:00,585.484521252563
"events",2020-05-11 23:41:00,582.036069127307
"events",2020-05-11 23:42:00,579.632462214576
"events",2020-05-11 23:43:00,580.369215993119
"events",2020-05-11 23:44:00,579.132294393807
"events",2020-05-11 23:45:00,578.119064954426
"events",2020-05-11 23:46:00,579.607158458984
"events",2020-05-11 23:47:00,577.546442613085
"events",2020-05-11 23:48:00,574.191798351777
"events",2020-05-11 23:49:00,574.972618516599
"events",2020-05-11 23:50:00,572.375356664939
"events",2020-05-11 23:51:00,570.237820998445
"events",2020-05-11 23:52:00,568.514038898601
"events",2020-05-11 23:53:00,567.462635008741
"events",2020-05-11 23:54:00,562.916371507867
"events",2020-05-11 23:55:00,560.62473435708
"events",2020-05-11 23:56:00,558.962260921372
"events",2020-05-11 23:57:00,556.166034829235
"events",2020-05-11 23:58:00,554.249431346311
"events",2020-05-11 23:59:00,547.82448821168
"events",2020-05-12 00:00:00,546.642039390512
